{"cameraMode":{"drawMode":0,"name":"Shaded","section":"Shading Mode"},"sceneLighting":true,"audioPlay":false,"sceneViewState":{"showFog":true,"showMaterialUpdate":false,"showSkybox":true,"showFlares":true,"showImageEffects":true,"showParticleSystems":true},"in2DMode":false,"pivot":{"x":6.636454105377197,"y":1.6591051816940308,"z":-4.572478294372559},"rotation":{"x":-0.08666107803583145,"y":-0.6056706309318543,"z":0.06657841801643372,"w":-0.7881913781166077},"size":6.942911624908447,"orthographic":false}