{"cameraMode":{"drawMode":0,"name":"Shaded","section":"Shading Mode"},"sceneLighting":true,"audioPlay":false,"sceneViewState":{"showFog":true,"showMaterialUpdate":false,"showSkybox":true,"showFlares":true,"showImageEffects":true,"showParticleSystems":true},"in2DMode":false,"pivot":{"x":-0.6918954849243164,"y":5.651199817657471,"z":-0.2287120819091797},"rotation":{"x":0.03320782259106636,"y":0.3857704997062683,"z":0.013880674727261067,"w":-0.9219054579734802},"size":22.0,"orthographic":false}