{"cameraMode":{"drawMode":0,"name":"Shaded","section":"Shading Mode"},"sceneLighting":true,"audioPlay":false,"sceneViewState":{"showFog":true,"showMaterialUpdate":false,"showSkybox":true,"showFlares":true,"showImageEffects":true,"showParticleSystems":true},"in2DMode":false,"pivot":{"x":-119.8954086303711,"y":21.702564239501954,"z":97.84707641601563},"rotation":{"x":0.01838797889649868,"y":-0.4880951941013336,"z":0.010141354985535145,"w":0.8725516200065613},"size":110.66077423095703,"orthographic":false}