{"cameraMode":{"drawMode":0,"name":"Shaded","section":"Shading Mode"},"sceneLighting":true,"audioPlay":false,"sceneViewState":{"showFog":true,"showMaterialUpdate":false,"showSkybox":true,"showFlares":true,"showImageEffects":true,"showParticleSystems":true},"in2DMode":false,"pivot":{"x":-1.780689001083374,"y":-1.0282094478607178,"z":0.2926311492919922},"rotation":{"x":0.2032201886177063,"y":-0.5076169967651367,"z":0.12442462891340256,"w":0.8280141949653626},"size":5.600286960601807,"orthographic":false}