{"cameraMode":{"drawMode":0,"name":"Shaded","section":"Shading Mode"},"sceneLighting":false,"audioPlay":false,"sceneViewState":{"showFog":true,"showMaterialUpdate":false,"showSkybox":false,"showFlares":true,"showImageEffects":true,"showParticleSystems":true},"in2DMode":false,"pivot":{"x":0.4788818359375,"y":1.1097869873046876,"z":0.43906402587890627},"rotation":{"x":-0.07040248811244965,"y":-0.034104134887456897,"z":0.0023771359119564296,"w":-0.9969435334205627},"size":400.1037292480469,"orthographic":false}