{"cameraMode":{"drawMode":0,"name":"Shaded","section":"Shading Mode"},"sceneLighting":true,"audioPlay":false,"sceneViewState":{"showFog":true,"showMaterialUpdate":false,"showSkybox":true,"showFlares":true,"showImageEffects":true,"showParticleSystems":true},"in2DMode":false,"pivot":{"x":0.42855000495910647,"y":4.236031532287598,"z":8.425025939941407},"rotation":{"x":0.08536235988140106,"y":0.030837465077638627,"z":0.002599499188363552,"w":-0.995918869972229},"size":18.124881744384767,"orthographic":false}