{"cameraMode":{"drawMode":0,"name":"Shaded","section":"Shading Mode"},"sceneLighting":true,"audioPlay":false,"sceneViewState":{"showFog":true,"showMaterialUpdate":false,"showSkybox":true,"showFlares":true,"showImageEffects":true,"showParticleSystems":true},"in2DMode":false,"pivot":{"x":-12.416263580322266,"y":-369.35418701171877,"z":-388.7280578613281},"rotation":{"x":-0.015972992405295373,"y":0.9166363477706909,"z":-0.3978465497493744,"w":-0.03649511560797691},"size":641.2429809570313,"orthographic":false}